{
  "project_info": {
    "project_number": "859783686731",
    "firebase_url": "https://shopulse-34f6b.firebaseio.com",
    "project_id": "shopulse-34f6b",
    "storage_bucket": "shopulse-34f6b.appspot.com"
  },
  "client": [
    {
      "client_info": {
        "mobilesdk_app_id": "1:859783686731:android:3645abc90e7a850829fbce",
        "android_client_info": {
          "package_name": "com.example.shopulse"
        }
      },
      "oauth_client": [
        {
          "client_id": "859783686731-86m36qqooa3h65l0tdtbq5ea43pjps19.apps.googleusercontent.com",
          "client_type": 1,
          "android_info": {
            "package_name": "com.example.shopulse",
            "certificate_hash": "70d155cb5ae7b465cbee6429fe7fa8eb8e38cebc"
          }
        },
        {
          "client_id": "859783686731-5a72eppmv4d8rqg9kipr5nnlvfdu0pob.apps.googleusercontent.com",
          "client_type": 3
        }
      ],
      "api_key": [
        {
          "current_key": "AIzaSyCuIVUR4wIcZfGMumXzZ4bU9oSiQbKTf5U"
        }
      ],
      "services": {
        "appinvite_service": {
          "other_platform_oauth_client": [
            {
              "client_id": "859783686731-5a72eppmv4d8rqg9kipr5nnlvfdu0pob.apps.googleusercontent.com",
              "client_type": 3
            }
          ]
        }
      }
    }
  ],
  "configuration_version": "1"
}